INSERT INTO blogs (id, slug, published, created_at) VALUES (1, 'tanstack-router-introduction', 1, '2023-07-13 00:00:00+00');--> statement-breakpoint
INSERT INTO blog_views (blog_id, views) VALUES (1, 0);--> statement-breakpoint
INSERT INTO blog_tag (blog_id, tag_id) VALUES (1, 1);--> statement-breakpoint
INSERT INTO blog_tag (blog_id, tag_id) VALUES (1, 2);--> statement-breakpoint
INSERT INTO blog_tag (blog_id, tag_id) VALUES (1, 3);--> statement-breakpoint
INSERT INTO blogs (id, slug, published, created_at) VALUES (2, 'color-contrast', 1, '2024-02-12 00:00:00+00');--> statement-breakpoint
INSERT INTO blog_views (blog_id, views) VALUES (2, 0);--> statement-breakpoint
INSERT INTO blog_tag (blog_id, tag_id) VALUES (2, 4);--> statement-breakpoint
INSERT INTO blog_tag (blog_id, tag_id) VALUES (2, 5);--> statement-breakpoint
INSERT INTO blog_tag (blog_id, tag_id) VALUES (2, 6);--> statement-breakpoint
INSERT INTO blog_tag (blog_id, tag_id) VALUES (2, 7);--> statement-breakpoint
INSERT INTO blog_tag (blog_id, tag_id) VALUES (2, 8);--> statement-breakpoint
INSERT INTO blogs (id, slug, published, created_at) VALUES (3, 'color-perception', 1, '2024-10-14 10:55:22.080847+00');--> statement-breakpoint
INSERT INTO blog_views (blog_id, views) VALUES (3, 0);--> statement-breakpoint
INSERT INTO blog_tag (blog_id, tag_id) VALUES (3, 8);--> statement-breakpoint
INSERT INTO blog_tag (blog_id, tag_id) VALUES (3, 5);--> statement-breakpoint
INSERT INTO blogs (id, slug, published, created_at) VALUES (4, 'color-certification-uc', 1, '2024-12-18 13:58:40.58382+00');--> statement-breakpoint
INSERT INTO blog_views (blog_id, views) VALUES (4, 0);--> statement-breakpoint
INSERT INTO blog_tag (blog_id, tag_id) VALUES (4, 8);--> statement-breakpoint
INSERT INTO blog_tag (blog_id, tag_id) VALUES (4, 9);--> statement-breakpoint
INSERT INTO blogs (id, slug, published, created_at) VALUES (5, 'promise-try', 1, '2025-03-08 00:00:00+00');--> statement-breakpoint
INSERT INTO blog_views (blog_id, views) VALUES (5, 0);--> statement-breakpoint
INSERT INTO blog_tag (blog_id, tag_id) VALUES (5, 10);--> statement-breakpoint
INSERT INTO blog_tag (blog_id, tag_id) VALUES (5, 11);--> statement-breakpoint
INSERT INTO blog_tag (blog_id, tag_id) VALUES (5, 12);--> statement-breakpoint
INSERT INTO blog_tag (blog_id, tag_id) VALUES (5, 13);--> statement-breakpoint
INSERT INTO blogs (id, slug, published, created_at) VALUES (6, 'contenteditable-plaintextonly', 1, '2025-03-14 00:00:00+00');--> statement-breakpoint
INSERT INTO blog_views (blog_id, views) VALUES (6, 0);--> statement-breakpoint
INSERT INTO blog_tag (blog_id, tag_id) VALUES (6, 11);--> statement-breakpoint
INSERT INTO blog_tag (blog_id, tag_id) VALUES (6, 14);--> statement-breakpoint
INSERT INTO blog_tag (blog_id, tag_id) VALUES (6, 15);--> statement-breakpoint
INSERT INTO blog_tag (blog_id, tag_id) VALUES (6, 16);--> statement-breakpoint
INSERT INTO blogs (id, slug, published, created_at) VALUES (7, 'intl-duration-format', 1, '2025-03-14 00:00:00+00');--> statement-breakpoint
INSERT INTO blog_views (blog_id, views) VALUES (7, 0);--> statement-breakpoint
INSERT INTO blog_tag (blog_id, tag_id) VALUES (7, 10);--> statement-breakpoint
INSERT INTO blog_tag (blog_id, tag_id) VALUES (7, 11);--> statement-breakpoint
INSERT INTO blog_tag (blog_id, tag_id) VALUES (7, 17);--> statement-breakpoint
INSERT INTO blog_tag (blog_id, tag_id) VALUES (7, 18);--> statement-breakpoint
INSERT INTO blogs (id, slug, published, created_at) VALUES (8, 'popover', 1, '2025-03-17 00:00:00+00');--> statement-breakpoint
INSERT INTO blog_views (blog_id, views) VALUES (8, 0);--> statement-breakpoint
INSERT INTO blog_tag (blog_id, tag_id) VALUES (8, 10);--> statement-breakpoint
INSERT INTO blog_tag (blog_id, tag_id) VALUES (8, 11);--> statement-breakpoint
INSERT INTO blog_tag (blog_id, tag_id) VALUES (8, 19);--> statement-breakpoint
INSERT INTO blogs (id, slug, published, created_at) VALUES (9, 'screen-wake-lock', 1, '2025-04-04 00:00:00+00');--> statement-breakpoint
INSERT INTO blog_views (blog_id, views) VALUES (9, 0);--> statement-breakpoint
INSERT INTO blog_tag (blog_id, tag_id) VALUES (9, 10);--> statement-breakpoint
INSERT INTO blog_tag (blog_id, tag_id) VALUES (9, 11);--> statement-breakpoint
INSERT INTO blog_tag (blog_id, tag_id) VALUES (9, 20);--> statement-breakpoint
INSERT INTO blogs (id, slug, published, created_at) VALUES (10, 'async-clipboard', 1, '2025-04-06 00:00:00+00');--> statement-breakpoint
INSERT INTO blog_views (blog_id, views) VALUES (10, 0);--> statement-breakpoint
INSERT INTO blog_tag (blog_id, tag_id) VALUES (10, 10);--> statement-breakpoint
INSERT INTO blog_tag (blog_id, tag_id) VALUES (10, 11);--> statement-breakpoint
INSERT INTO blog_tag (blog_id, tag_id) VALUES (10, 21);--> statement-breakpoint
INSERT INTO blog_tag (blog_id, tag_id) VALUES (10, 22);--> statement-breakpoint
INSERT INTO blog_tag (blog_id, tag_id) VALUES (10, 23);--> statement-breakpoint
INSERT INTO blog_tag (blog_id, tag_id) VALUES (10, 24);--> statement-breakpoint
INSERT INTO blogs (id, slug, published, created_at) VALUES (11, 'atomics-pause', 1, '2025-04-13 00:00:00+00');--> statement-breakpoint
INSERT INTO blog_views (blog_id, views) VALUES (11, 0);--> statement-breakpoint
INSERT INTO blog_tag (blog_id, tag_id) VALUES (11, 10);--> statement-breakpoint
INSERT INTO blog_tag (blog_id, tag_id) VALUES (11, 11);--> statement-breakpoint
INSERT INTO blog_tag (blog_id, tag_id) VALUES (11, 25);--> statement-breakpoint
INSERT INTO blog_tag (blog_id, tag_id) VALUES (11, 26);--> statement-breakpoint
INSERT INTO blogs (id, slug, published, created_at) VALUES (12, 'float16array', 1, '2025-04-13 00:00:00+00');--> statement-breakpoint
INSERT INTO blog_views (blog_id, views) VALUES (12, 0);--> statement-breakpoint
INSERT INTO blog_tag (blog_id, tag_id) VALUES (12, 10);--> statement-breakpoint
INSERT INTO blog_tag (blog_id, tag_id) VALUES (12, 11);--> statement-breakpoint
INSERT INTO blog_tag (blog_id, tag_id) VALUES (12, 27);--> statement-breakpoint
INSERT INTO blogs (id, slug, published, created_at) VALUES (13, 'iterator-methods', 1, '2025-04-21 00:00:00+00');--> statement-breakpoint
INSERT INTO blog_views (blog_id, views) VALUES (13, 0);--> statement-breakpoint
INSERT INTO blog_tag (blog_id, tag_id) VALUES (13, 10);--> statement-breakpoint
INSERT INTO blog_tag (blog_id, tag_id) VALUES (13, 11);--> statement-breakpoint
INSERT INTO blog_tag (blog_id, tag_id) VALUES (13, 28);--> statement-breakpoint
INSERT INTO blogs (id, slug, published, created_at) VALUES (14, 'single-color-gradients', 1, '2025-04-21 00:00:00+00');--> statement-breakpoint
INSERT INTO blog_views (blog_id, views) VALUES (14, 0);--> statement-breakpoint
INSERT INTO blog_tag (blog_id, tag_id) VALUES (14, 8);--> statement-breakpoint
INSERT INTO blog_tag (blog_id, tag_id) VALUES (14, 11);--> statement-breakpoint
INSERT INTO blog_tag (blog_id, tag_id) VALUES (14, 29);--> statement-breakpoint
INSERT INTO blog_tag (blog_id, tag_id) VALUES (14, 30);--> statement-breakpoint
INSERT INTO blogs (id, slug, published, created_at) VALUES (15, 'react19-usereducer-ts-type-inference', 1, '2025-05-24 00:00:00+00');--> statement-breakpoint
INSERT INTO blog_views (blog_id, views) VALUES (15, 0);--> statement-breakpoint
INSERT INTO blog_tag (blog_id, tag_id) VALUES (15, 1);--> statement-breakpoint
INSERT INTO blog_tag (blog_id, tag_id) VALUES (15, 2);--> statement-breakpoint
INSERT INTO blog_tag (blog_id, tag_id) VALUES (15, 31);--> statement-breakpoint
INSERT INTO blog_tag (blog_id, tag_id) VALUES (15, 32);--> statement-breakpoint
INSERT INTO blog_tag (blog_id, tag_id) VALUES (15, 33);--> statement-breakpoint
INSERT INTO blogs (id, slug, published, created_at) VALUES (16, 'regexp-escape', 1, '2025-05-15 00:00:00+00');--> statement-breakpoint
INSERT INTO blog_views (blog_id, views) VALUES (16, 0);--> statement-breakpoint
INSERT INTO blog_tag (blog_id, tag_id) VALUES (16, 10);--> statement-breakpoint
INSERT INTO blog_tag (blog_id, tag_id) VALUES (16, 11);--> statement-breakpoint
INSERT INTO blog_tag (blog_id, tag_id) VALUES (16, 47);--> statement-breakpoint
INSERT INTO blog_tag (blog_id, tag_id) VALUES (16, 48);--> statement-breakpoint
INSERT INTO blog_tag (blog_id, tag_id) VALUES (16, 49);--> statement-breakpoint
INSERT INTO blogs (id, slug, published, created_at) VALUES (17, 'json-modules', 1, '2025-05-21 00:00:00+00');--> statement-breakpoint
INSERT INTO blog_views (blog_id, views) VALUES (17, 0);--> statement-breakpoint
INSERT INTO blog_tag (blog_id, tag_id) VALUES (17, 10);--> statement-breakpoint
INSERT INTO blog_tag (blog_id, tag_id) VALUES (17, 11);--> statement-breakpoint
INSERT INTO blog_tag (blog_id, tag_id) VALUES (17, 50);--> statement-breakpoint
INSERT INTO blog_tag (blog_id, tag_id) VALUES (17, 51);--> statement-breakpoint
INSERT INTO blog_tag (blog_id, tag_id) VALUES (17, 52);--> statement-breakpoint
INSERT INTO blogs (id, slug, published, created_at) VALUES (18, 'requestclose', 1, '2025-05-28 00:00:00+00');--> statement-breakpoint
INSERT INTO blog_views (blog_id, views) VALUES (18, 0);--> statement-breakpoint
INSERT INTO blog_tag (blog_id, tag_id) VALUES (18, 10);--> statement-breakpoint
INSERT INTO blog_tag (blog_id, tag_id) VALUES (18, 11);--> statement-breakpoint
INSERT INTO blog_tag (blog_id, tag_id) VALUES (18, 53);--> statement-breakpoint
INSERT INTO blog_tag (blog_id, tag_id) VALUES (18, 54);--> statement-breakpoint
INSERT INTO blogs (id, slug, published, created_at) VALUES (19, 'for-the-first-time-in-forever', 1, '2025-05-31 00:00:00+00');--> statement-breakpoint
INSERT INTO blog_views (blog_id, views) VALUES (19, 0);--> statement-breakpoint
INSERT INTO blog_tag (blog_id, tag_id) VALUES (19, 9);--> statement-breakpoint
INSERT INTO blog_tag (blog_id, tag_id) VALUES (19, 1);--> statement-breakpoint
INSERT INTO blog_tag (blog_id, tag_id) VALUES (19, 31);--> statement-breakpoint
INSERT INTO blogs (id, slug, published, created_at) VALUES (20, 'print-color-adjust', 1, '2025-06-07 00:00:00+00');--> statement-breakpoint
INSERT INTO blog_views (blog_id, views) VALUES (20, 0);--> statement-breakpoint
INSERT INTO blog_tag (blog_id, tag_id) VALUES (20, 11);--> statement-breakpoint
INSERT INTO blog_tag (blog_id, tag_id) VALUES (20, 30);--> statement-breakpoint
INSERT INTO blog_tag (blog_id, tag_id) VALUES (20, 55);--> statement-breakpoint
INSERT INTO blogs (id, slug, published, created_at) VALUES (21, 'suspense-list', 1, '2025-06-21 00:00:00+00');--> statement-breakpoint
INSERT INTO blog_views (blog_id, views) VALUES (21, 0);--> statement-breakpoint
INSERT INTO blog_tag (blog_id, tag_id) VALUES (21, 2);--> statement-breakpoint
INSERT INTO blog_tag (blog_id, tag_id) VALUES (21, 58);--> statement-breakpoint
INSERT INTO blog_tag (blog_id, tag_id) VALUES (21, 59);--> statement-breakpoint
INSERT INTO blogs (id, slug, published, created_at) VALUES (22, 'abs-sign', 1, '2025-06-26 00:00:00+00');--> statement-breakpoint
INSERT INTO blog_views (blog_id, views) VALUES (22, 0);--> statement-breakpoint
INSERT INTO blog_tag (blog_id, tag_id) VALUES (22, 11);--> statement-breakpoint
INSERT INTO blog_tag (blog_id, tag_id) VALUES (22, 30);--> statement-breakpoint
INSERT INTO blog_tag (blog_id, tag_id) VALUES (22, 60);--> statement-breakpoint
INSERT INTO blog_tag (blog_id, tag_id) VALUES (22, 61);--> statement-breakpoint
INSERT INTO blogs (id, slug, published, created_at) VALUES (23, 'highlight', 1, '2025-06-29 00:00:00+00');--> statement-breakpoint
INSERT INTO blog_views (blog_id, views) VALUES (23, 0);--> statement-breakpoint
INSERT INTO blog_tag (blog_id, tag_id) VALUES (23, 10);--> statement-breakpoint
INSERT INTO blog_tag (blog_id, tag_id) VALUES (23, 11);--> statement-breakpoint
INSERT INTO blog_tag (blog_id, tag_id) VALUES (23, 30);--> statement-breakpoint
INSERT INTO blog_tag (blog_id, tag_id) VALUES (23, 62);--> statement-breakpoint
INSERT INTO blogs (id, slug, published, created_at) VALUES (24, 'spelling-grammar-error', 1, '2025-06-29 00:00:00+00');--> statement-breakpoint
INSERT INTO blog_views (blog_id, views) VALUES (24, 0);--> statement-breakpoint
INSERT INTO blog_tag (blog_id, tag_id) VALUES (24, 11);--> statement-breakpoint
INSERT INTO blog_tag (blog_id, tag_id) VALUES (24, 30);--> statement-breakpoint
INSERT INTO blog_tag (blog_id, tag_id) VALUES (24, 63);--> statement-breakpoint
INSERT INTO blogs (id, slug, published, created_at) VALUES (25, 'sb-mock', 1, '2025-08-04 00:00:00+00');--> statement-breakpoint
INSERT INTO blog_views (blog_id, views) VALUES (25, 0);--> statement-breakpoint
INSERT INTO blog_tag (blog_id, tag_id) VALUES (25, 2);--> statement-breakpoint
INSERT INTO blog_tag (blog_id, tag_id) VALUES (25, 64);--> statement-breakpoint
INSERT INTO blog_tag (blog_id, tag_id) VALUES (25, 65);--> statement-breakpoint
INSERT INTO blog_tag (blog_id, tag_id) VALUES (25, 66);--> statement-breakpoint
INSERT INTO blogs (id, slug, published, created_at) VALUES (26, 'npm-trusted-publishing-for-npm-packages', 1, '2025-08-14 00:00:00+00');--> statement-breakpoint
INSERT INTO blog_views (blog_id, views) VALUES (26, 0);--> statement-breakpoint
INSERT INTO blog_tag (blog_id, tag_id) VALUES (26, 67);--> statement-breakpoint
INSERT INTO blog_tag (blog_id, tag_id) VALUES (26, 68);--> statement-breakpoint
INSERT INTO blog_tag (blog_id, tag_id) VALUES (26, 69);--> statement-breakpoint
INSERT INTO blog_tag (blog_id, tag_id) VALUES (26, 70);--> statement-breakpoint
INSERT INTO blog_tag (blog_id, tag_id) VALUES (26, 71);--> statement-breakpoint
INSERT INTO blogs (id, slug, published, created_at) VALUES (27, 'composed-ranges', 1, '2025-08-25 00:00:00+00');--> statement-breakpoint
INSERT INTO blog_views (blog_id, views) VALUES (27, 0);--> statement-breakpoint
INSERT INTO blog_tag (blog_id, tag_id) VALUES (27, 10);--> statement-breakpoint
INSERT INTO blog_tag (blog_id, tag_id) VALUES (27, 11);--> statement-breakpoint
INSERT INTO blog_tag (blog_id, tag_id) VALUES (27, 72);--> statement-breakpoint
INSERT INTO blogs (id, slug, published, created_at) VALUES (28, 'uint8array-base64-hex', 1, '2025-09-21 00:00:00+00');--> statement-breakpoint
INSERT INTO blog_views (blog_id, views) VALUES (28, 0);--> statement-breakpoint
INSERT INTO blog_tag (blog_id, tag_id) VALUES (28, 10);--> statement-breakpoint
INSERT INTO blog_tag (blog_id, tag_id) VALUES (28, 11);--> statement-breakpoint
INSERT INTO blog_tag (blog_id, tag_id) VALUES (28, 73);--> statement-breakpoint
INSERT INTO blogs (id, slug, published, created_at) VALUES (29, 'urlpattern', 1, '2025-09-21 00:00:00+00');--> statement-breakpoint
INSERT INTO blog_views (blog_id, views) VALUES (29, 0);--> statement-breakpoint
INSERT INTO blog_tag (blog_id, tag_id) VALUES (29, 10);--> statement-breakpoint
INSERT INTO blog_tag (blog_id, tag_id) VALUES (29, 11);--> statement-breakpoint
INSERT INTO blog_tag (blog_id, tag_id) VALUES (29, 47);--> statement-breakpoint
INSERT INTO blog_tag (blog_id, tag_id) VALUES (29, 74);--> statement-breakpoint
INSERT INTO blogs (id, slug, published, created_at) VALUES (30, 'parse-html-unsafe', 1, '2025-10-11 00:00:00+00');--> statement-breakpoint
INSERT INTO blog_views (blog_id, views) VALUES (30, 0);--> statement-breakpoint
INSERT INTO blog_tag (blog_id, tag_id) VALUES (30, 10);--> statement-breakpoint
INSERT INTO blog_tag (blog_id, tag_id) VALUES (30, 11);--> statement-breakpoint
INSERT INTO blog_tag (blog_id, tag_id) VALUES (30, 15);--> statement-breakpoint
INSERT INTO blog_tag (blog_id, tag_id) VALUES (30, 75);--> statement-breakpoint
INSERT INTO blogs (id, slug, published, created_at) VALUES (31, 'link-rel-dns-prefetch', 1, '2025-09-21 00:00:00+00');--> statement-breakpoint
INSERT INTO blog_views (blog_id, views) VALUES (31, 0);--> statement-breakpoint
INSERT INTO blog_tag (blog_id, tag_id) VALUES (31, 11);--> statement-breakpoint
INSERT INTO blog_tag (blog_id, tag_id) VALUES (31, 15);--> statement-breakpoint
INSERT INTO blog_tag (blog_id, tag_id) VALUES (31, 76);--> statement-breakpoint
INSERT INTO blogs (id, slug, published, created_at) VALUES (32, 'content-visibility', 1, '2025-09-21 00:00:00+00');--> statement-breakpoint
INSERT INTO blog_views (blog_id, views) VALUES (32, 0);--> statement-breakpoint
INSERT INTO blog_tag (blog_id, tag_id) VALUES (32, 11);--> statement-breakpoint
INSERT INTO blog_tag (blog_id, tag_id) VALUES (32, 30);--> statement-breakpoint
INSERT INTO blog_tag (blog_id, tag_id) VALUES (32, 77);--> statement-breakpoint
INSERT INTO blogs (id, slug, published, created_at) VALUES (33, 'webrtc-encoded-transform', 1, '2025-10-25 00:00:00+00');--> statement-breakpoint
INSERT INTO blog_views (blog_id, views) VALUES (33, 0);--> statement-breakpoint
INSERT INTO blog_tag (blog_id, tag_id) VALUES (33, 10);--> statement-breakpoint
INSERT INTO blog_tag (blog_id, tag_id) VALUES (33, 11);--> statement-breakpoint
INSERT INTO blog_tag (blog_id, tag_id) VALUES (33, 78);--> statement-breakpoint
INSERT INTO blog_tag (blog_id, tag_id) VALUES (33, 79);--> statement-breakpoint
INSERT INTO blogs (id, slug, published, created_at) VALUES (34, 'details-content', 1, '2025-10-26 00:00:00+00');--> statement-breakpoint
INSERT INTO blog_views (blog_id, views) VALUES (34, 0);--> statement-breakpoint
INSERT INTO blog_tag (blog_id, tag_id) VALUES (34, 30);--> statement-breakpoint
INSERT INTO blog_tag (blog_id, tag_id) VALUES (34, 11);--> statement-breakpoint
INSERT INTO blog_tag (blog_id, tag_id) VALUES (34, 80);--> statement-breakpoint
INSERT INTO blog_tag (blog_id, tag_id) VALUES (34, 81);--> statement-breakpoint
INSERT INTO blogs (id, slug, published, created_at) VALUES (35, 'view-transitions', 1, '2025-11-08 00:00:00+00');--> statement-breakpoint
INSERT INTO blog_views (blog_id, views) VALUES (35, 0);--> statement-breakpoint
INSERT INTO blog_tag (blog_id, tag_id) VALUES (35, 10);--> statement-breakpoint
INSERT INTO blog_tag (blog_id, tag_id) VALUES (35, 30);--> statement-breakpoint
INSERT INTO blog_tag (blog_id, tag_id) VALUES (35, 11);--> statement-breakpoint
INSERT INTO blog_tag (blog_id, tag_id) VALUES (35, 82);--> statement-breakpoint
INSERT INTO blog_tag (blog_id, tag_id) VALUES (35, 83);--> statement-breakpoint
INSERT INTO blogs (id, slug, published, created_at) VALUES (36, 'input-file-webkitdirectory', 1, '2025-11-08 00:00:00+00');--> statement-breakpoint
INSERT INTO blog_views (blog_id, views) VALUES (36, 0);--> statement-breakpoint
INSERT INTO blog_tag (blog_id, tag_id) VALUES (36, 15);--> statement-breakpoint
INSERT INTO blog_tag (blog_id, tag_id) VALUES (36, 11);--> statement-breakpoint
INSERT INTO blog_tag (blog_id, tag_id) VALUES (36, 84);--> statement-breakpoint
INSERT INTO blogs (id, slug, published, created_at) VALUES (37, 'atomics-wait-async', 1, '2025-11-15 00:00:00+00');--> statement-breakpoint
INSERT INTO blog_views (blog_id, views) VALUES (37, 0);--> statement-breakpoint
INSERT INTO blog_tag (blog_id, tag_id) VALUES (37, 10);--> statement-breakpoint
INSERT INTO blog_tag (blog_id, tag_id) VALUES (37, 11);--> statement-breakpoint
INSERT INTO blog_tag (blog_id, tag_id) VALUES (37, 25);--> statement-breakpoint
INSERT INTO blog_tag (blog_id, tag_id) VALUES (37, 85);--> statement-breakpoint
INSERT INTO blogs (id, slug, published, created_at) VALUES (38, 'scope', 1, '2025-12-20 00:00:00+00');--> statement-breakpoint
INSERT INTO blog_views (blog_id, views) VALUES (38, 0);--> statement-breakpoint
INSERT INTO blog_tag (blog_id, tag_id) VALUES (38, 30);--> statement-breakpoint
INSERT INTO blog_tag (blog_id, tag_id) VALUES (38, 11);--> statement-breakpoint
INSERT INTO blog_tag (blog_id, tag_id) VALUES (38, 86);--> statement-breakpoint
INSERT INTO blogs (id, slug, published, created_at) VALUES (39, 'scrollend', 1, '2025-12-20 00:00:00+00');--> statement-breakpoint
INSERT INTO blog_views (blog_id, views) VALUES (39, 0);--> statement-breakpoint
INSERT INTO blog_tag (blog_id, tag_id) VALUES (39, 10);--> statement-breakpoint
INSERT INTO blog_tag (blog_id, tag_id) VALUES (39, 11);--> statement-breakpoint
INSERT INTO blog_tag (blog_id, tag_id) VALUES (39, 87);--> statement-breakpoint
INSERT INTO blog_tag (blog_id, tag_id) VALUES (39, 88);--> statement-breakpoint
INSERT INTO blogs (id, slug, published, created_at) VALUES (40, 'scrollbar-color', 1, '2025-12-20 00:00:00+00');--> statement-breakpoint
INSERT INTO blog_views (blog_id, views) VALUES (40, 0);--> statement-breakpoint
INSERT INTO blog_tag (blog_id, tag_id) VALUES (40, 30);--> statement-breakpoint
INSERT INTO blog_tag (blog_id, tag_id) VALUES (40, 11);--> statement-breakpoint
INSERT INTO blog_tag (blog_id, tag_id) VALUES (40, 87);--> statement-breakpoint
INSERT INTO blog_tag (blog_id, tag_id) VALUES (40, 89);
