INSERT INTO service_type (id, name) VALUES (1, 'Forge');--> statement-breakpoint
INSERT INTO service_type (id, name) VALUES (2, 'Assist');--> statement-breakpoint
INSERT INTO services (id, name, slug, type) VALUES (1, 'Blog', 'blog', 1);--> statement-breakpoint
INSERT INTO service_tag (service_id, tag_id) VALUES (1, 34);--> statement-breakpoint
INSERT INTO services (id, name, slug, type) VALUES (2, 'Talks', 'talks', 1);--> statement-breakpoint
INSERT INTO service_tag (service_id, tag_id) VALUES (2, 34);--> statement-breakpoint
INSERT INTO services (id, name, slug, type) VALUES (3, 'ArteOdyssey', 'design-system', 1);--> statement-breakpoint
INSERT INTO service_tag (service_id, tag_id) VALUES (3, 34);--> statement-breakpoint
INSERT INTO service_tag (service_id, tag_id) VALUES (3, 36);--> statement-breakpoint
INSERT INTO service_tag (service_id, tag_id) VALUES (3, 37);--> statement-breakpoint
INSERT INTO services (id, name, slug, type) VALUES (4, 'もじカウント', 'moji-count', 2);--> statement-breakpoint
INSERT INTO service_tag (service_id, tag_id) VALUES (4, 35);--> statement-breakpoint
INSERT INTO service_tag (service_id, tag_id) VALUES (4, 38);--> statement-breakpoint
INSERT INTO services (id, name, slug, type) VALUES (5, '日本語校正くん', 'japanese-text-fixer', 2);--> statement-breakpoint
INSERT INTO service_tag (service_id, tag_id) VALUES (5, 35);--> statement-breakpoint
INSERT INTO service_tag (service_id, tag_id) VALUES (5, 38);--> statement-breakpoint
INSERT INTO service_tag (service_id, tag_id) VALUES (5, 39);--> statement-breakpoint
INSERT INTO service_tag (service_id, tag_id) VALUES (5, 46);--> statement-breakpoint
INSERT INTO services (id, name, slug, type) VALUES (6, '基数チェンジャー', 'base-converter', 2);--> statement-breakpoint
INSERT INTO service_tag (service_id, tag_id) VALUES (6, 35);--> statement-breakpoint
INSERT INTO service_tag (service_id, tag_id) VALUES (6, 40);--> statement-breakpoint
INSERT INTO services (id, name, slug, type) VALUES (7, 'コントラストチェッカー', 'contrast-checker', 2);--> statement-breakpoint
INSERT INTO service_tag (service_id, tag_id) VALUES (7, 35);--> statement-breakpoint
INSERT INTO service_tag (service_id, tag_id) VALUES (7, 4);--> statement-breakpoint
INSERT INTO service_tag (service_id, tag_id) VALUES (7, 8);--> statement-breakpoint
INSERT INTO services (id, name, slug, type) VALUES (8, 'カラーコード職人', 'color-converter', 2);--> statement-breakpoint
INSERT INTO service_tag (service_id, tag_id) VALUES (8, 35);--> statement-breakpoint
INSERT INTO service_tag (service_id, tag_id) VALUES (8, 8);--> statement-breakpoint
INSERT INTO service_tag (service_id, tag_id) VALUES (8, 41);--> statement-breakpoint
INSERT INTO service_tag (service_id, tag_id) VALUES (8, 42);--> statement-breakpoint
INSERT INTO service_tag (service_id, tag_id) VALUES (8, 43);--> statement-breakpoint
INSERT INTO services (id, name, slug, type) VALUES (9, 'かどまるラボ', 'radius-maker', 2);--> statement-breakpoint
INSERT INTO service_tag (service_id, tag_id) VALUES (9, 35);--> statement-breakpoint
INSERT INTO service_tag (service_id, tag_id) VALUES (9, 36);--> statement-breakpoint
INSERT INTO services (id, name, slug, type) VALUES (10, 'SQLテーブルメーカー', 'sql-table-builder', 2);--> statement-breakpoint
INSERT INTO service_tag (service_id, tag_id) VALUES (10, 35);--> statement-breakpoint
INSERT INTO service_tag (service_id, tag_id) VALUES (10, 44);--> statement-breakpoint
INSERT INTO services (id, name, slug, type) VALUES (11, 'Quizzes', 'quizzes', 2);--> statement-breakpoint
INSERT INTO service_tag (service_id, tag_id) VALUES (11, 35);--> statement-breakpoint
INSERT INTO service_tag (service_id, tag_id) VALUES (11, 45);--> statement-breakpoint
INSERT INTO services (id, name, slug, type) VALUES (12, 'QRKit', 'qr-generator', 2);--> statement-breakpoint
INSERT INTO service_tag (service_id, tag_id) VALUES (12, 35);--> statement-breakpoint
INSERT INTO service_tag (service_id, tag_id) VALUES (12, 56);--> statement-breakpoint
INSERT INTO service_tag (service_id, tag_id) VALUES (12, 57);
